,month,year,acoustic,dance,energy,instrumental,loudness,mode,tempo,valence,emotions_id,unemployment
count,299.0,299.0,299.0,299.0,299.0,299.0,299.0,299.0,299.0,299.0,299.0,299.0
mean,6.491638795986622,2019.0033444816054,0.1900391170568562,0.7305016722408028,0.6003177257525084,0.0023857044481605354,-6.5149163879598655,0.5518394648829431,125.68579933110367,0.49030668896321067,1.294314381270903,5.077926421404682
std,3.4605781304011365,1.4177643989751345,0.19687830690611344,0.1348808665139598,0.12769869129544292,0.014246930361396893,1.9828390693308324,0.4981391152768875,30.24233412256854,0.224926663265441,0.8356573879050375,2.2800523324834727
min,1.0,2017.0,0.000282,0.234,0.225,0.0,-12.472,0.0,67.196,0.0605,0.0,3.5
25%,3.5,2018.0,0.0358,0.6685000000000001,0.518,0.0,-7.788,0.0,99.034,0.3435,1.0,3.8
50%,6.0,2019.0,0.114,0.746,0.598,0.0,-6.366,1.0,126.77,0.458,2.0,4.2
75%,9.5,2020.0,0.259,0.831,0.693,9.11e-06,-5.224,1.0,149.03,0.6465000000000001,2.0,5.6
max,12.0,2021.0,0.871,0.963,0.913,0.13,-3.046,1.0,201.739,0.952,2.0,14.8
